SavaitÄ—,Tinginys: (Lietuva)
17/04/2016,11
24/04/2016,3
01/05/2016,15
08/05/2016,9
15/05/2016,6
22/05/2016,9
29/05/2016,0
05/06/2016,3
12/06/2016,15
19/06/2016,17
26/06/2016,3
03/07/2016,26
10/07/2016,3
17/07/2016,7
24/07/2016,10
31/07/2016,17
07/08/2016,13
14/08/2016,21
21/08/2016,21
28/08/2016,0
04/09/2016,7
11/09/2016,23
18/09/2016,7
25/09/2016,20
02/10/2016,12
09/10/2016,6
16/10/2016,34
23/10/2016,24
30/10/2016,22
06/11/2016,21
13/11/2016,9
20/11/2016,18
27/11/2016,20
04/12/2016,14
11/12/2016,20
18/12/2016,24
25/12/2016,15
01/01/2017,20
08/01/2017,14
15/01/2017,11
22/01/2017,25
29/01/2017,22
05/02/2017,13
12/02/2017,0
19/02/2017,24
26/02/2017,26
05/03/2017,8
12/03/2017,13
19/03/2017,30
26/03/2017,8
02/04/2017,11
09/04/2017,20
16/04/2017,11
23/04/2017,27
30/04/2017,18
07/05/2017,6
14/05/2017,6
21/05/2017,7
28/05/2017,10
04/06/2017,6
11/06/2017,3
18/06/2017,3
25/06/2017,6
02/07/2017,13
09/07/2017,10
16/07/2017,3
23/07/2017,10
30/07/2017,3
06/08/2017,19
13/08/2017,10
20/08/2017,3
27/08/2017,12
03/09/2017,12
10/09/2017,12
17/09/2017,9
24/09/2017,18
01/10/2017,11
08/10/2017,5
15/10/2017,20
22/10/2017,6
29/10/2017,11
05/11/2017,8
12/11/2017,8
19/11/2017,21
26/11/2017,11
03/12/2017,19
10/12/2017,8
17/12/2017,22
24/12/2017,18
31/12/2017,11
07/01/2018,0
14/01/2018,10
21/01/2018,24
28/01/2018,8
04/02/2018,8
11/02/2018,14
18/02/2018,21
25/02/2018,38
04/03/2018,18
11/03/2018,13
18/03/2018,3
25/03/2018,38
01/04/2018,3
08/04/2018,6
15/04/2018,8
22/04/2018,8
29/04/2018,23
06/05/2018,3
13/05/2018,8
20/05/2018,6
27/05/2018,3
03/06/2018,9
10/06/2018,8
17/06/2018,3
24/06/2018,6
01/07/2018,12
08/07/2018,6
15/07/2018,3
22/07/2018,6
29/07/2018,3
05/08/2018,6
12/08/2018,6
19/08/2018,6
26/08/2018,15
02/09/2018,9
09/09/2018,17
16/09/2018,8
23/09/2018,11
30/09/2018,14
07/10/2018,11
14/10/2018,26
21/10/2018,6
28/10/2018,27
04/11/2018,19
11/11/2018,16
18/11/2018,11
25/11/2018,11
02/12/2018,3
09/12/2018,19
16/12/2018,33
23/12/2018,12
30/12/2018,17
06/01/2019,13
13/01/2019,11
20/01/2019,16
27/01/2019,13
03/02/2019,29
10/02/2019,5
17/02/2019,13
24/02/2019,11
03/03/2019,13
10/03/2019,13
17/03/2019,29
24/03/2019,17
31/03/2019,14
07/04/2019,14
14/04/2019,49
21/04/2019,9
28/04/2019,14
05/05/2019,8
12/05/2019,8
19/05/2019,8
26/05/2019,8
02/06/2019,0
09/06/2019,6
16/06/2019,6
23/06/2019,0
30/06/2019,8
07/07/2019,14
14/07/2019,6
21/07/2019,3
28/07/2019,9
04/08/2019,8
11/08/2019,3
18/08/2019,3
25/08/2019,14
01/09/2019,5
08/09/2019,3
15/09/2019,15
22/09/2019,18
29/09/2019,23
06/10/2019,28
13/10/2019,18
20/10/2019,5
27/10/2019,40
03/11/2019,19
10/11/2019,17
17/11/2019,37
24/11/2019,10
01/12/2019,15
08/12/2019,25
15/12/2019,36
22/12/2019,32
29/12/2019,34
05/01/2020,25
12/01/2020,20
19/01/2020,14
26/01/2020,11
02/02/2020,18
09/02/2020,16
16/02/2020,21
23/02/2020,16
01/03/2020,15
08/03/2020,13
15/03/2020,33
22/03/2020,55
29/03/2020,72
05/04/2020,100
12/04/2020,54
19/04/2020,63
26/04/2020,77
03/05/2020,30
10/05/2020,25
17/05/2020,24
24/05/2020,17
31/05/2020,19
07/06/2020,19
14/06/2020,18
21/06/2020,17
28/06/2020,11
05/07/2020,12
12/07/2020,10
19/07/2020,14
26/07/2020,17
02/08/2020,31
09/08/2020,10
16/08/2020,19
23/08/2020,18
30/08/2020,21
06/09/2020,18
13/09/2020,14
20/09/2020,16
27/09/2020,22
04/10/2020,18
11/10/2020,20
18/10/2020,18
25/10/2020,21
01/11/2020,24
08/11/2020,19
15/11/2020,30
22/11/2020,20
29/11/2020,15
06/12/2020,27
13/12/2020,31
20/12/2020,85
27/12/2020,45
03/01/2021,27
10/01/2021,24
17/01/2021,26
24/01/2021,30
31/01/2021,22
07/02/2021,26
14/02/2021,20
21/02/2021,23
28/02/2021,28
07/03/2021,23
14/03/2021,21
21/03/2021,13
28/03/2021,41
04/04/2021,18